back,bang
back,hack
back,jack
back,rack
back,sack
back,shack
back,tack
back,yak
back,zach
bad,bang
badge,bang
bag,bang
bag,gag
bag,rag
bag,wag
bait,beige
bait,date
bait,gate
bake,beige
bake,lake
bale,beige
bale,hail
bale,kale
bale,nail
bale,sale
bale,veil
ball,call
ball,fall
ball,hall
ball,shawl
ball,wall
balloon,saloon
ban,bang
ban,than
ban,van
band,sand
bane,beige
banks,thanks
bap,bang
bap,cap
bap,zap
bare,there
bark,dark
bark,park
bark,shark
bart,cart
base,beige
base,lace
bash,bang
bat,bang
bat,fat
bat,hat
bat,mat
bat,that
bat,vat
batch,bang
batch,thatch
bath,bang
bath,path
bathe,beige
bay,day
bay,hay
bay,lay
bay,neigh
bay,pay
bay,they
bay,yay
bays,beige
beach,peach
beach,reach
bead,feed
bead,lead
bead,seed
bead,weed
beaks,leeks
bean,scene
beans,jeans
bear,chair
bear,their
bed,red
bed,ted
bed,zed
bee,he
bee,key
bee,pea
bee,sea
bee,she
bee,tea
beef,leaf
beef,thief
beep,deep
beep,heap
beep,jeep
beep,keep
beep,peep
beep,sheep
beep,weep
bees,cheese
bees,peas
bees,these
bees,v
beet,seat
beet,sheet
beet,wheat
beg,peg
bell,cell
bell,fell
bell,shell
belly,jelly
ben,then
ben,yen
bench,wrench
bert,shirt
bertie,thirty
bess,yes
best,chest
best,guest
best,nest
best,vest
best,west
bet,get
bet,jet
bet,let
bet,net
bet,vet
bet,yet
bic,bing
bic,chick
bic,lick
bic,thick
bid,bing
biff,bing
big,bing
big,dig
big,fib
big,jig
big,pig
big,wig
bike,mike
bile,vile
bill,bing
billy,silly
bin,bing
bin,chin
bin,fin
bin,pin
bin,shin
bin,tin
bin,win
bird,third
bit,bing
bite,fight
bite,kite
bite,light
bite,night
bite,right
bite,white
biz,bing
boast,roast
boat,goat
boat,note
bog,cog
bog,dog
bog,jog
bold,gold
bold,hold
bone,cone
bone,phone
bone,zone
boo,do
boo,shoe
boo,two
boo,you
boo,zoo
book,cook
book,hook
book,nook
book,rook
book,shook
book,took
boom,zoom
borax,thorax
born,thorn
bow,cow
bow,dough
bow,go
bow,hoe
bow,no
bow,row
bow,show
bow,though
bow,tow
bow,vow
bow,wow
bowl,foal
bowl,goal
bowl,hole
bowl,vole
bows,nose
box,fox
box,socks
boy,toy
brass,grass
buck,duck
buck,tuck
bug,doug
bug,hug
bug,jug
bug,mug
bug,pug
bug,rug
bug,tub
bump,jump
bumper,thumper
bun,fun
bun,one
bun,run
bun,sun
bun,ton
bunch,lunch
bunk,junk
burst,worst
bus,fuss
bus,gus
bust,dust
bust,gust
buy,chai
buy,die
buy,guy
buy,rye
buy,shy
buy,thy
buy,tie
buy,why
bye,hi
bye,pie
cab,jab
cage,gauge
cage,wage
cake,fake
cake,lake
cake,rake
cake,shake
calf,half
call,ball
call,fall
call,mall
call,paul
call,shawl
call,tall
call,wall
came,name
camp,lamp
camp,ramp
can,chain
can,man
can,than
can,van
can,vein
cane,jane
cane,lane
cane,rain
cane,vane
cap,bap
cap,chap
cap,gap
cap,lap
cap,nap
cap,tap
cap,zap
cape,shape
cape,tape
car,far
car,jar
card,guard
care,chair
care,dare
care,their
care,wear
cart,bart
cart,dart
cart,heart
case,face
case,lace
cash,lash
cash,rash
cast,vast
cat,chat
cat,fat
cat,gnat
cat,hat
cat,mat
cat,rat
cat,sat
cat,that
cat,vat
catch,thatch
cell,gel
cell,yell
cello,jello
cello,yellow
ch,dz
ch,ng
ch,sh
ch,voiced
ch,voiceless
chalk,hawk
chalk,talk
chalk,walk
champ,lamp
chap,cap
chap,gap
chap,map
chap,nap
chap,zap
charm,farm
chart,heart
chase,lace
chase,race
chat,fat
chat,gnat
chat,mat
chat,rat
chat,that
chat,vat
cheap,deep
cheap,jeep
cheap,peep
cheap,sheep
cheek,leak
cheep,heap
cheep,reap
cheer,gear
cheer,near
cheer,veer
cheer,year
cheese,bees
cheese,d
cheese,fees
cheese,g
cheese,keys
cheese,knees
cheese,peas
cheese,t
cheese,these
cheese,v
cheese,z
cherry,merry
chess,guess
chess,yes
chest,best
chest,guest
chest,nest
chest,pest
chest,rest
chest,test
chest,vest
chest,west
chest,zest
chew,do
chew,ewe
chew,goo
chew,moo
chew,new
chew,shoe
chew,two
chew,who
chew,zoo
chi,buy
chi,dye
chi,guy
chi,high
chi,my
chi,pie
chi,tie
chi,vie
chick,bic
chick,kick
chick,lick
chick,mick
chick,nick
chick,pick
chick,sick
chick,thick
chick,tick
chick,vick
chick,wick
chili,philly
chili,silly
chill,fill
chill,gill
chill,nil
chime,rhyme
chimp,limp
chin,bin
chin,cane
chin,fin
chin,jane
chin,kin
chin,lane
chin,lynne
chin,mane
chin,pane
chin,pin
chin,rain
chin,thin
chin,tin
chin,vein
chin,wayne
chin,win
chin,zane
chink,rink
chip,dip
chip,hip
chip,lip
chip,rip
chip,sip
chip,tip
chip,whip
chir,bear
chir,care
chir,dare
chir,fair
chir,hair
chir,lair
chir,mare
chir,pair
chir,rare
chir,share
chir,their
chive,dive
chive,five
chive,jive
choke,coke
choke,folk
choke,joke
choose,lose
choose,shoes
choose,zoos
chop,cop
chop,hop
chop,mop
chop,pop
chop,shop
chop,top
chore,core
chore,door
chose,doze
chose,foes
chose,hose
chose,mows
chose,nose
chose,rose
chose,those
chum,come
chum,dumb
chum,gum
chum,hum
chum,numb
chunk,junk
coach,roach
coal,dole
coal,goal
coal,hole
coal,mole
coal,sole
coast,roast
coast,toast
coat,goat
coat,note
coat,tote
cob,job
cob,mob
cob,sob
code,load
code,road
cog,bog
cog,dog
cog,jog
coin,join
coke,choke
coke,poke
coke,soak
coke,yoke
cold,fold
cold,gold
cold,mold
cold,sold
come,dumb
come,numb
come,thumb
cone,bone
cone,phone
cone,zone
coo,chew
coo,shoe
coo,zoo
cook,book
cook,hook
cook,look
cook,nook
cook,rook
cook,shook
cool,fool
cool,pool
cool,tool
cop,chop
cop,shop
cord,horde
core,door
core,more
core,shore
corn,horn
cot,watt
cot,yacht
cow,bow
cow,vow
cow,wow
cub,tub
curd,third
curl,girl
curse,nurse
dale,hail
dale,nail
dale,rail
dale,veil
dale,whale
dam,jam
dam,yam
dame,name
dan,than
dan,van
dank,thank
dare,care
dare,chair
dare,fair
dare,their
dark,bark
dark,hark
dark,lark
dark,mark
dark,park
dark,shark
dart,cart
dart,tart
date,bait
date,gate
date,hate
date,kate
date,late
date,mate
date,rate
dawn,yawn
day,bay
day,hay
day,may
day,pay
day,ray
day,they
day,yay
dead,head
dead,red
dead,zed
deal,feel
deal,peel
deal,veal
deal,wheel
dean,keen
dean,mean
debt,vet
debt,yet
deed,feed
deed,weed
deep,cheep
deep,jeep
deep,keep
deep,leap
deep,peep
deep,seep
deep,sheep
deep,weep
deer,fear
deer,veer
dell,yell
den,ben
den,hen
den,men
den,ten
den,then
den,when
den,yen
den,zen
dent,vent
dial,file
dial,vial
dial,while
dice,nice
die,buy
die,hi
die,lie
die,my
die,pie
die,rye
die,sigh
die,thy
die,tie
die,why
died,guide
dig,fig
dig,gig
dig,jig
dig,pig
dig,rig
dig,wig
dime,lime
din,chin
din,pin
dine,fine
dine,line
dine,nine
dine,pine
dine,vine
dine,wine
dip,chip
dip,nip
dip,ship
dip,sip
dip,tip
dip,whip
dip,zip
dirt,shirt
dirty,thirty
dive,chive
dive,jive
do,boo
do,chew
do,lou
do,moo
do,who
do,you
do,zoo
dock,chock
dock,shock
dock,sock
dog,fog
dog,hog
dog,jog
dog,log
dole,vole
done,fun
done,one
door,chore
door,core
door,more
door,roar
door,shore
door,sore
door,thor
door,tore
dot,cot
dot,knot
dot,shot
dot,tot
dot,yacht
doug,rug
dough,bow
dough,foe
dough,go
dough,hoe
dough,low
dough,mow
dough,no
dough,row
dough,sew
dough,show
dough,though
down,gown
down,town
doze,chose
doze,those
duck,buck
duck,luck
duck,muck
duck,suck
dug,jug
dull,gull
dumb,chum
dumb,come
dumb,thumb
dumb,yum
dust,bust
dust,gust
dust,just
dust,rust
dye,shy
dz,ch
dz,ng
dz,sh
dz,voiced
dz,voiceless
fable,gable
fable,table
face,case
face,lace
fad,fang
fail,gale
fail,mail
fail,nail
fail,rail
fail,sale
fail,tail
fail,veil
faint,paint
fair,chair
fair,hair
fair,lair
fair,pair
fair,share
fair,there
fake,cake
fake,jake
fake,make
fake,rake
fake,shake
fall,ball
fall,hall
fame,game
fame,shame
fan,fang
fan,jan
fan,man
fan,pan
fan,ran
fan,than
fan,van
far,car
far,jar
farm,charm
farm,harm
fat,cat
fat,chat
fat,fang
fat,gnat
fat,hat
fat,mat
fat,pat
fat,rat
fat,sat
fat,that
fat,vat
fate,gate
fate,hate
fate,late
fawn,von
fawn,yawn
fax,jacks
fax,tax
faye,yay
fear,cheer
fear,shear
fear,veer
fed,dead
fed,red
fed,said
fed,wed
fed,zed
fee,thee
feed,bead
feed,deed
feed,lead
feed,seed
feed,weed
feel,deal
feel,heel
feel,kneel
feel,meal
feel,peel
feel,reel
feel,wheel
fees,cheese
fees,these
fees,wheeze
feet,meat
feet,seat
feet,wheat
fell,bell
fell,yell
fen,ten
fen,yen
fen,zen
field,shield
fig,big
fig,dig
fig,gig
fig,jig
fig,pig
fig,rig
fight,bite
fight,height
fight,kite
fight,light
fight,night
fight,sight
file,dial
file,pile
file,vile
fill,chill
fill,will
fin,bin
fin,chin
fin,gin
fin,pin
fin,shin
fin,thin
fin,tin
fin,win
find,wind
fine,dine
fine,line
fine,mine
fine,nine
fine,pine
fine,shine
fine,sign
fine,vine
fit,hit
fit,kit
fit,knit
fit,lit
fit,pit
fit,zit
five,chive
fix,mix
fix,vicks
foal,bowl
foal,coal
foal,goal
foal,mole
foam,gnome
foam,rome
foe,dough
foe,go
foe,joe
foe,row
foe,sew
foe,though
foe,woe
foes,chose
foes,those
fog,hog
fog,job
fog,log
fold,cold
folk,choke
folk,joke
folk,yolk
fool,cool
fool,tool
ford,sword
fort,short
fox,jocks
fox,locks
fox,shocks
fred,thread
free,three
full,wool
fun,bun
fun,done
fun,nun
fun,shun
fun,son
fun,sun
fun,ton
funny,money
funny,runny
fur,her
fuss,buss
gable,fable
gable,table
gag,bag
gag,lag
gag,nag
gag,rag
gag,sag
gag,tag
gag,wag
gail,rail
gale,fail
gale,hail
gale,jail
gale,mail
gale,nail
gale,sale
gale,veil
gall,ball
gall,hall
gall,mall
gall,shawl
gall,tall
gall,wall
gall,yawl
game,fame
gap,cap
gap,chap
gap,nap
gap,sap
gap,tap
gap,zap
gape,shape
gate,bait
gate,date
gate,fate
gate,hate
gate,late
gate,mate
gate,nate
gate,rate
gauge,cage
gauge,page
gauge,sage
gave,save
gave,shave
gave,wave
gear,cheer
gear,hear
gear,jeer
gear,near
gear,shear
gear,veer
gear,year
gel,cell
gel,yell
germ,worm
gertie,thirty
get,bet
get,jet
get,let
get,met
get,net
get,set
get,vet
get,yet
ghost,toast
ghoul,tool
gig,big
gig,dig
gig,fig
gig,jig
gig,rig
gig,wig
gill,chill
gill,jill
gill,mill
gill,will
gin,fin
gin,shin
gin,tin
gird,third
girl,curl
girl,hurl
girl,pearl
give,live
gnat,cat
gnat,fat
gnat,mat
gnat,that
gnaw,thaw
gnome,foam
gnome,home
gnu,chew
gnu,shoe
gnu,zoo
go,bow
go,dough
go,foe
go,hoe
go,know
go,low
go,row
go,sew
go,show
go,though
go,woe
goal,bowl
goal,coal
goal,foal
goal,hole
goal,mole
goal,roll
goal,sole
goal,vole
goat,boat
goat,coat
goat,moat
goat,note
goat,vote
gold,cold
gold,hold
gold,sold
gone,gong
gone,john
goo,chew
goo,shoe
goo,two
goo,who
goo,woo
goo,zoo
goose,juice
goose,loose
gosh,gong
got,gong
got,hot
got,jot
got,knot
got,lot
got,pot
got,rot
got,shot
got,what
got,yacht
goth,gong
gough,gong
gown,down
gown,town
guard,card
guard,lard
guard,shard
guess,chess
guess,jess
guess,less
guess,mess
guess,yes
guest,chest
guest,nest
guest,pest
guest,rest
guest,test
guest,vest
guest,zest
guide,died
guide,pied
gull,dull
gum,chum
gum,thumb
gum,yum
gus,bus
gust,dust
gust,just
gust,must
gust,rust
guy,buy
guy,lie
guy,my
guy,pie
guy,rye
guy,shy
guy,sigh
guy,tie
guy,vie
guy,why
habit,rabbit
hack,yak
hack,zack
hail,bale
hail,gale
hail,jail
hail,nail
hail,rail
hail,tail
hail,veil
hail,whale
hair,chir
hair,fair
hair,share
hair,their
half,calf
half,laugh
hall,ball
hall,gall
hall,wall
ham,yam
hand,land
hand,sand
hank,thank
hard,yard
harm,farm
hat,bat
hat,cat
hat,fat
hat,mat
hat,pat
hat,rat
hat,that
hat,vat
hatch,latch
hatch,thatch
hate,date
hate,fate
hate,gate
hawk,chalk
hawk,fork
hay,bay
hay,day
hay,jay
hay,they
hay,way
hay,yay
haze,ways
he,bee
he,dee
he,knee
he,lee
he,me
he,she
he,tea
head,dead
head,lead
head,ned
head,red
head,wed
head,zed
heap,beep
heap,cheap
heap,jeep
heap,leap
heap,peep
heap,reap
heap,sheep
heap,weep
hear,cheer
hear,deer
hear,veer
hear,year
heart,cart
heart,chart
heart,dart
heart,part
heat,seat
heat,wheat
heel,feel
heel,reel
heel,seal
heel,veal
height,fight
hello,yellow
hem,them
hen,den
hen,jen
hen,men
hen,pen
hen,ten
hen,then
hen,yen
hen,zen
her,fur
herd,nerd
herd,third
hi,bye
hi,my
hi,pie
hi,shy
hick,lick
hick,thick
high,chi
high,tie
high,vie
high,why
hill,gill
hill,jill
hill,mill
hill,pill
hill,will
hip,chip
hip,nip
hip,ship
hip,sip
hip,tip
hip,whip
hip,zip
hiss,this
hit,fit
hit,zit
hoe,bow
hoe,dough
hoe,go
hoe,joe
hoe,low
hoe,no
hoe,row
hoe,though
hog,dog
hog,fog
hoist,joist
hold,gold
hole,coal
hole,goal
hole,roll
hone,zone
hook,book
hook,cook
hook,look
hook,shook
hoop,soup
hoot,suit
hop,chop
hop,mop
hop,pop
hop,shop
hop,top
hope,mope
hope,nope
hope,pope
hope,soap
horde,cord
horn,corn
horn,mourn
hose,chose
hose,nose
hose,rose
hose,shows
hose,those
host,most
host,roast
host,toast
hot,got
hot,knot
hot,pot
hot,shot
hot,yacht
how,vow
hub,tub
hug,bug
hug,jug
hug,mug
hug,rug
hug,tug
hum,numb
hum,sum
hum,thumb
hurl,girl
hut,jut
jab,cab
jack,back
jack,knack
jack,pack
jack,rack
jack,sack
jack,tack
jack,yak
jack,zach
jacks,max
jacks,shacks
jade,fade
jade,made
jade,wade
jail,gale
jail,hail
jail,kale
jail,mail
jail,nail
jail,pail
jail,rail
jail,sale
jail,tail
jail,veil
jail,whale
jake,fake
jake,rake
jam,dam
jam,lamb
jam,yam
jan,fan
jan,man
jan,ran
jan,van
jane,cane
jane,chain
jane,lane
jane,pain
jane,rain
jane,sane
jane,vein
jar,car
jar,far
jaw,law
jaw,saw
jaw,thaw
jay,hay
jay,lay
jay,neigh
jay,pay
jay,they
jay,weigh
jay,yay
jean,scene
jeans,beans
jeep,beep
jeep,cheap
jeep,deep
jeep,heap
jeep,leap
jeep,peep
jeep,reap
jeep,sheep
jeep,weep
jeer,fear
jeer,gear
jeer,sheer
jeer,veer
jello,cello
jello,mellow
jelly,belly
jen,hen
jen,men
jen,ten
jen,zen
jess,guess
jess,less
jet,bet
jet,get
jet,let
jet,pet
jet,set
jet,vet
jet,wet
jet,yet
jetty,yeti
jig,big
jig,dig
jig,fig
jig,gig
jig,pig
jig,rig
jig,wig
jill,gill
jill,hill
jill,mill
jill,nil
jim,vim
jive,chive
jive,dive
jo,though
joan,moan
joan,phone
joan,zone
job,cob
job,knob
job,sob
jock,knock
jock,shock
jocks,shocks
joe,hoe
joe,mow
joe,no
joe,row
joe,show
jog,bog
jog,cog
jog,dog
jog,fog
jog,log
john,gone
join,coin
joist,hoist
joke,choke
joke,folk
joke,soak
joke,yolk
jot,shot
jot,yacht
jug,bug
jug,doug
jug,hug
jug,lug
jug,mug
jug,pug
jug,rug
jug,tug
juice,goose
jump,bump
jump,pump
junk,bunk
junk,chunk
junk,gunk
junk,punk
just,dust
just,gust
just,rust
just,shut
jut,hut
jut,nut
kale,jail
kale,veil
kate,date
keep,beep
keep,cheep
keep,deep
keep,peep
keep,sheep
keep,weep
keg,peg
ken,then
ken,yen
key,bee
key,knee
key,me
key,pea
key,sea
key,she
key,tea
keys,cheese
keys,peas
keys,t
keys,these
keys,wheeze
kick,chick
kick,king
kick,lick
kick,nick
kick,pick
kick,sick
kick,thick
kid,king
kill,king
kin,win
kind,wind
king,ring
king,zing
kipper,zipper
kirsty,thirsty
kiss,king
kiss,miss
kiss,this
kit,fit
kit,king
kit,sit
kit,zit
kite,bite
kite,fight
kite,light
kite,might
kite,night
kite,sight
kite,tight
kite,white
knack,jack
knack,rack
knack,sack
knack,shack
knack,whack
knack,yak
knack,zach
knave,shave
knee,he
knee,key
knee,me
knee,sea
knee,she
knee,thee
knee,wee
kneel,feel
kneel,meal
kneel,veal
kneel,wheel
knees,cheese
knees,peas
knees,tease
knees,these
knight,might
knit,fit
knit,mitt
knit,zit
knob,job
knob,sob
knock,chalk
knock,jock
knock,lock
knocks,rocks
knot,dot
knot,got
knot,hot
knot,lot
knot,pot
knot,tot
knot,yacht
know,go
know,low
know,show
kurt,shirt
label,fable
label,table
lace,base
lace,case
lace,race
lack,zach
lag,gag
lair,chair
lair,fair
lair,hair
lair,their
lake,bake
lake,cake
lake,make
lake,rake
lake,sake
lake,take
lake,wake
lamb,jam
lamb,ram
lamb,yam
lame,name
lamp,camp
lamp,champ
lamp,ramp
land,hand
lane,cane
lane,chain
lane,jane
lane,pain
lane,rain
lane,vein
lap,cap
lap,gap
lap,map
lap,nap
lap,tap
lap,yap
lard,yard
lark,dark
lark,mark
lark,park
lark,shark
lash,cash
latch,hatch
latch,thatch
late,date
late,gate
late,wait
law,jaw
law,thaw
lawn,vaughn
lawn,yawn
lay,day
lay,hay
lay,jay
lay,pay
lay,say
lay,they
lay,yay
lead,bead
lead,feed
lead,head
lead,seed
lead,weed
lead,zed
leaf,beef
leaf,reef
leaf,thief
leak,cheek
leak,seek
leap,deep
leap,heap
leap,jeep
leap,peep
leap,sheep
leap,weep
led,fed
led,wed
lee,he
lee,she
lee,thee
leech,peach
leeks,beaks
leg,peg
len,then
len,zen
less,guess
less,jess
less,mess
less,yes
let,bet
let,get
let,jet
let,net
let,set
let,vet
let,wet
let,yet
lick,bic
lick,chick
lick,kick
lick,pick
lick,sick
lick,thick
lick,tick
lick,vic
lie,die
lie,guy
lie,hi
lie,shy
lie,thy
lie,tie
lie,vie
life,wife
light,bite
light,fight
light,kite
light,might
light,night
light,right
light,sight
light,tight
light,white
limb,jim
lime,dime
lime,mime
lime,rhyme
limp,chimp
line,dine
line,fine
line,mine
line,nine
line,pine
line,shine
line,sign
line,vine
line,whine
link,chink
link,mink
link,sink
link,think
link,wink
lip,chip
lip,hip
lip,nip
lip,ship
lip,tip
lip,zip
lit,fit
lit,zit
live,give
ll,call
ll,fall
ll,gall
ll,shawl
ll,tall
load,code
load,road
lock,knock
lock,rock
locks,fox
log,dog
log,fog
log,jog
lone,phone
lone,zone
look,cook
look,hook
look,shook
loom,luge
loop,luge
loose,goose
loose,luge
lose,choose
lose,luge
lose,shoes
lot,got
lot,knot
lot,pot
lot,shot
lot,yacht
lou,two
lou,zoo
low,bow
low,dough
low,go
low,joe
low,know
low,mow
low,no
low,show
low,toe
luck,duck
luck,lung
luck,tuck
lug,lung
lull,lung
lunch,bunch
lunch,lung
lunch,munch
lunch,punch
lush,lung
lute,luge
lynne,chin
mac,shack
mac,yak
mac,zach
mace,lace
made,jade
made,shade
maid,fade
mail,dale
mail,fail
mail,gail
mail,jail
mail,nail
mail,pail
mail,rail
mail,sale
mail,tail
mail,veil
mail,whale
main,vein
make,fake
make,shake
mall,call
mall,gall
mall,shawl
mall,wall
man,can
man,fan
man,jan
man,pan
man,ran
man,than
man,van
mane,chain
mane,lane
mane,rain
map,chap
map,nap
map,tap
map,yap
map,zap
mare,chair
mare,hair
mare,there
mark,dark
mark,lark
mark,park
mark,shark
mat,bat
mat,cat
mat,chat
mat,fat
mat,hat
mat,pat
mat,rat
mat,that
match,patch
mate,date
mate,gate
mate,late
may,jay
may,lay
may,they
may,yay
me,he
me,key
me,knee
me,she
me,tea
me,thee
meal,feel
meal,kneel
meal,peel
meal,real
meal,seal
meal,veal
meal,wheel
mean,dean
mean,jean
meat,feet
meat,neat
meat,seat
meat,sheet
meat,wheat
mellow,cello
mellow,yellow
men,den
men,hen
men,jen
men,ten
men,then
men,when
men,wren
men,zen
merry,cherry
mess,guess
mess,yes
met,get
met,vet
met,yet
mic,bike
mice,lice
mice,nice
mick,thick
mick,vic
might,kite
might,knight
might,light
might,right
might,white
mile,vial
milk,silk
mill,chill
mill,jill
mime,lime
mine,fine
mine,line
mine,nine
mine,pine
mine,shine
mine,sign
mine,vine
mine,whine
mink,think
mink,zinc
miss,this
mitt,zit
mix,fix
mix,six
moan,zone
moat,goat
moat,vote
mob,cob
mob,knob
mock,wok
mold,cold
mole,coal
mole,goal
mole,hole
mole,sole
money,funny
money,sunny
monk,junk
moo,chew
moo,shoe
moo,two
moo,zoo
mop,chop
mop,cop
mop,hop
mop,pop
mop,shop
mop,top
mope,rope
more,core
more,door
more,tore
most,host
most,roast
most,toast
mourn,thorn
mouth,south
mow,dough
mow,joe
mow,no
mow,woe
mows,chose
mows,hose
mug,bug
mug,doug
mug,hug
mug,pug
mug,tug
munch,lunch
must,dust
must,gust
must,rust
musty,gusty
my,guy
my,hi
my,pie
my,thy
my,tie
my,why
nag,gag
nag,shag
nail,bail
nail,dale
nail,fail
nail,hail
nail,jail
nail,mail
nail,pail
nail,rail
nail,tail
nail,veil
nail,whale
name,came
name,dame
name,lame
name,tame
nan,than
nap,cap
nap,chap
nap,gap
nap,lap
nap,map
nap,sap
nap,tap
nap,yap
nap,zap
nate,gate
nay,jay
near,cheer
near,gear
near,shear
near,veer
neat,meat
neat,seat
neat,sheet
neat,wheat
neck,wreck
ned,head
ned,zed
need,weed
neigh,bay
neigh,they
neigh,weigh
neigh,yay
nell,yell
nerd,herd
nerd,third
nest,best
nest,chest
nest,guest
nest,rest
nest,test
nest,zest
net,bet
net,get
net,jet
net,let
net,pet
net,set
net,vet
net,yet
nice,dice
nice,mice
nick,chick
nick,kick
nick,sick
nick,thick
night,bite
night,fight
night,kite
night,light
night,might
night,right
night,sight
night,tight
night,white
nil,jill
nile,vial
nimble,thimble
nine,dine
nine,fine
nine,line
nine,pine
nine,shine
nine,vine
nine,whine
nip,chip
nip,dip
nip,hip
nip,lip
nip,ship
nip,zip
no,bow
no,dough
no,joe
no,low
no,row
no,though
no,toe
no,woe
nod,rod
nook,book
nook,took
noose,goose
nope,hope
nope,rope
nose,bows
nose,chose
nose,hose
nose,pose
nose,rose
nose,those
nose,toes
not,cot
note,boat
note,goat
note,vote
now,vow
numb,chum
numb,come
numb,hum
numb,sum
numb,thumb
nun,fun
nun,sun
nurse,curse
nurse,purse
nurse,verse
nut,cut
nut,jut
nut,putt
one,bun
one,done
one,fun
one,run
one,sun
one,ton
pack,jack
pack,rack
pack,sack
pack,yak
page,sage
page,wage
pail,jail
pail,mail
pail,nail
pail,rail
pail,veil
pain,chain
pain,lane
pain,rain
paint,faint
paint,saint
pair,chair
pair,fair
pair,their
pale,tail
palm,calm
pam,yam
pan,can
pan,fan
pan,man
pan,tan
pan,than
pan,van
park,bark
park,dark
park,lark
park,mark
park,shark
pat,fat
pat,hat
pat,mat
pat,rat
pat,that
patch,match
patch,thatch
pate,gate
path,bath
paul,call
paul,tall
paw,thaw
pawn,yawn
pay,bay
pay,day
pay,lay
pay,they
pay,yay
pea,bee
pea,key
pea,tea
peach,beach
peach,leech
peach,reach
peach,teach
peal,deal
pearl,girl
pearl,whirl
peas,bees
peas,cheese
peas,keys
peas,knees
peas,seas
peas,tease
peas,these
peas,v
peat,sheet
peck,wreck
peel,deal
peel,feel
peel,keel
peel,meal
peel,reel
peel,seal
peel,teal
peep,beep
peep,cheep
peep,deep
peep,heap
peep,jeep
peep,keep
peep,leap
peep,reap
peep,seep
peep,sheep
peep,weep
peg,beg
peg,leg
pen,hen
pen,ten
pen,then
pen,when
pen,yen
pen,zen
pest,chest
pest,guest
pest,rest
pest,vest
pet,jet
pet,net
pet,vet
pet,yet
phone,bone
phone,cone
phone,joan
phone,lone
phone,zone
pick,chick
pick,kick
pick,lick
pick,thick
pie,die
pie,guy
pie,hi
pie,shy
pie,sigh
pie,thigh
pie,thy
pie,tie
pie,vie
pie,why
pig,big
pig,dig
pig,fig
pig,jig
pig,wig
pile,file
pile,vile
pill,dill
pill,hill
pin,bin
pin,chin
pin,din
pin,fin
pin,ping
pin,shin
pin,tin
pin,win
pine,dine
pine,fine
pine,line
pine,mine
pine,nine
pine,shine
pine,sign
pine,tine
pine,vine
pine,whine
pink,link
pink,rink
pink,think
pip,chip
pip,ship
pip,zip
pipe,wipe
poke,coke
poke,joke
pooh,shoe
pooh,you
pooh,zoo
pool,cool
pop,chop
pop,hop
pop,mop
pop,shop
pope,hope
pope,soap
pose,nose
pose,those
pot,got
pot,hot
pot,knot
pot,lot
pot,shot
pot,yacht
pow,vow
power,shower
pug,bug
pug,hug
pug,jug
pug,mug
pug,thug
pump,jump
punch,lunch
punk,junk
purr,fur
purse,nurse
purse,verse
purse,worse
putt,nut
rabbit,habit
race,case
race,chase
race,face
race,lace
rack,back
rack,jack
rack,knack
rack,pack
rack,sack
rack,shack
rack,tack
rack,yak
rack,zack
racks,jacks
rag,bag
rag,gag
rag,wag
rail,bail
rail,dale
rail,fail
rail,gail
rail,hail
rail,jail
rail,mail
rail,nail
rail,pail
rail,sail
rail,tail
rail,veil
rain,cane
rain,chain
rain,jane
rain,lane
rain,main
rain,pain
rain,shane
rain,vein
rake,cake
rake,fake
rake,jake
rake,lake
rake,make
rake,shake
rake,wake
ram,lamb
ram,yam
ramp,camp
ramp,lamp
ran,fan
ran,man
ran,than
ran,van
rand,sand
ranks,thanks
rap,yap
rare,chair
rare,share
rare,their
rash,cash
rash,sash
rat,cat
rat,chat
rat,hat
rat,mat
rat,pat
rat,that
rat,vat
rate,date
rate,gate
rave,gave
raw,jaw
raw,thaw
ray,day
ray,they
ray,yay
reach,beach
reach,peach
reach,teach
read,feed
read,lead
read,need
real,heel
real,kneel
real,meal
real,seal
real,veal
real,wheel
reap,cheep
reap,heap
reap,jeep
red,bed
red,dead
red,fed
red,head
red,shed
red,wed
red,zed
reef,leaf
reef,thief
rest,chest
rest,guest
rest,jest
rest,pest
rest,test
rest,vest
rest,zest
rhyme,chime
rich,ring
rick,ring
rick,thick
rid,ring
ridge,ring
riff,ring
rig,dig
rig,fig
rig,gig
rig,jig
rig,ring
rig,wig
right,bite
right,light
right,might
right,night
rile,vial
rim,ring
ring,king
ring,sing
ring,wing
ring,zing
rink,chink
rink,pink
rink,sink
rink,think
rink,wink
rink,zinc
rip,chip
rip,ring
rip,zip
road,code
road,load
roar,door
roast,coast
roast,host
roast,most
roast,post
roast,toast
rock,lock
rock,sock
rock,wok
rocket,pocket
rocks,fox
rod,nod
rod,shod
roll,coal
roll,goal
roof,rouge
room,rouge
room,zoom
root,rouge
rope,nope
rope,soap
rose,chose
rose,hose
rose,nose
rose,shows
rose,those
rose,toes
rot,got
rot,yacht
rough,rung
row,bow
row,dough
row,foe
row,go
row,sew
row,show
row,though
row,toe
row,vow
rude,rouge
rue,you
rug,bug
rug,doug
rug,hug
rug,mug
rug,rung
rug,tug
rule,rouge
rule,tool
run,bun
run,one
run,rung
run,shun
runny,funny
ruse,rouge
rush,hush
rush,rung
rust,dust
rust,just
rust,must
rut,rung
rut,shut
ruth,rouge
rye,die
rye,guy
s,bees
s,cheese
s,d
s,g
s,peas
s,these
s,v
s,wheeze
s,z
sack,back
sack,jack
sack,knack
sack,pack
sack,rack
sack,shack
sack,whack
sack,yak
sag,gag
sage,page
said,fed
said,wed
sail,fail
sail,rail
sail,tail
sail,veil
saint,paint
sale,bale
sale,mail
sale,nail
sale,veil
sale,whale
sam,yam
sand,band
sand,hand
sane,jane
sane,vein
sank,thank
sap,gap
sap,nap
sap,yap
sap,zap
sash,rash
sat,cat
sat,that
save,gave
save,wave
saw,thaw
say,lay
say,they
say,yay
scene,bean
scene,jean
schick,kick
schick,nick
schick,thick
schick,vic
sea,bee
sea,key
sea,knee
sea,tea
sea,thee
seal,heel
seal,meal
seal,veal
seas,peas
seat,beet
seat,feet
seat,heat
seat,meat
seat,neat
seat,sheet
seat,wheat
seed,bead
seed,feed
seed,lead
seed,weed
seep,deep
sell,shell
set,get
set,jet
set,yet
sew,dough
sew,foe
sew,go
sew,low
sew,row
sew,show
sew,though
sew,toe
sew,woe
sh,ch
sh,dz
sh,ng
sh,voiced
sh,voiceless
shack,knack
shack,rack
shack,sack
shack,yak
shack,zach
shacks,jacks
shade,jade
shade,made
shake,cake
shake,jake
shake,lake
shake,make
shake,rake
shake,wake
shale,nail
shane,lane
shane,vein
shanks,thanks
shape,cape
shape,gape
shape,tape
shard,guard
share,chair
share,fair
share,hair
share,rare
share,their
shark,bark
shark,dark
shark,lark
shark,mark
shark,park
shave,gave
shave,knave
shave,wave
shawl,ball
shawl,call
shawl,fall
shawl,paul
shawl,wall
shawl,ya
shay,they
she,bee
she,he
she,key
she,knee
she,me
she,thee
sheaf,leaf
sheaf,thief
shear,fear
shear,gear
shear,jeer
shear,near
shear,veer
shed,red
shed,wed
shed,zed
sheep,beep
sheep,cheap
sheep,deep
sheep,heap
sheep,jeep
sheep,keep
sheep,leap
sheep,peep
sheep,reap
sheep,weep
sheet,beet
sheet,meat
sheet,neat
sheet,seat
sheet,wheat
shell,bell
shell,cell
shell,fell
shell,sell
shell,tell
shell,well
shield,field
shin,bin
shin,fin
shin,gin
shin,kin
shin,pin
shine,fine
shine,line
shine,mine
shine,nine
shine,pine
shine,sign
shine,vine
shine,wine
ship,chip
ship,dip
ship,hip
ship,lip
ship,sip
ship,tip
ship,whip
ship,zip
shirt,bert
shirt,dirt
shirt,hurt
shirt,yurt
shock,dock
shock,sock
shock,wok
shocks,fox
shocks,jocks
shod,rod
shoe,boo
shoe,chew
shoe,ewe
shoe,goo
shoe,moo
shoe,new
shoe,two
shoe,you
shoe,zoo
shoes,choose
shone,gone
shook,cook
shook,look
shop,chop
shop,cop
shop,hop
shop,mop
shop,pop
shop,top
shore,core
shore,door
shore,saw
shore,tore
shorn,thorn
short,fort
shot,dot
shot,got
shot,hot
shot,pot
shot,tot
show,bow
show,dough
show,go
show,joe
show,low
show,mow
show,no
show,row
show,sew
show,though
show,toe
shower,power
shower,sour
shower,tower
shows,rose
shun,fun
shun,run
shut,hut
shut,jut
shy,dye
shy,guy
shy,hi
shy,lie
shy,pie
shy,rye
shy,thy
shy,tie
shy,vie
sick,chick
sick,kick
sick,lick
sick,thick
sick,tick
sick,vic
sigh,guy
sigh,lie
sigh,pie
sigh,thigh
sigh,thy
sigh,why
sight,fight
sight,kite
sight,light
sight,night
sight,white
sign,die
sign,line
sign,mine
sign,shine
sign,vine
silk,milk
silly,chili
sing,pine
sing,ring
sink,link
sink,rink
sink,think
sink,zinc
sip,chip
sip,dip
sip,hip
sip,ship
sip,tip
sip,zip
sis,this
sit,kit
six,mix
six,vicks
soak,joke
soak,yolk
soap,hope
soap,pope
soap,rope
sob,cob
sob,job
sock,dock
sock,rock
socks,knocks
sold,cold
sold,gold
sole,coal
sole,goal
son,fun
sore,door
sore,shore
sore,tore
soup,hoop
sour,shower
south,mouth
stick,sting
stiff,sting
still,sting
stitch,sting
strip,string
sub,tub
suck,duck
suit,hoot
sum,hum
sum,numb
sum,thumb
sum,yum
sun,bun
sun,fun
sun,one
sunny,money
surf,turf
swig,swing
swish,swing
switch,swing
table,fable
table,gable
table,label
tack,jack
tack,rack
tack,sack
tack,shack
tack,yak
tag,gag
tag,wag
tail,bale
tail,fail
tail,hail
tail,jail
tail,mail
tail,nail
tail,pail
tail,rail
tail,sail
tail,veil
tail,whale
take,shake
talk,chalk
tall,ball
tall,call
tall,gall
tall,mall
tall,paul
tall,wall
tan,man
tan,than
tank,thank
tanks,thanks
tap,cap
tap,gap
tap,lap
tap,map
tap,nap
tap,zap
tape,cape
tape,jape
tape,shape
tart,chart
tart,dart
tart,heart
taw,thaw
tax,fax
tea,bee
tea,key
tea,pea
tea,sea
teach,leech
teach,peach
teach,reach
teal,peel
team,beam
tear,their
tease,knees
tease,peas
tease,these
teen,mean
tell,cell
tell,yell
ten,den
ten,pen
ten,then
ten,yen
ten,zen
tess,guess
tess,yes
test,chest
test,guest
test,nest
test,rest
test,vest
test,west
test,zest
th,ch
th,dz
th,ng
th,sh
th,voiced
th,voiceless
th,zh
than,ban
than,can
than,dan
than,fan
than,man
than,nat
than,pan
than,ran
than,tan
than,van
thank,dank
thank,hank
thank,sank
thank,tank
thanks,banks
thanks,ranks
thanks,shanks
thanks,tanks
thanks,yanks
that,bat
that,cat
that,chat
that,fat
that,gnat
that,hat
that,mat
that,pat
that,rat
that,sat
that,vat
thatch,hatch
thaw,gnaw
thaw,jaw
thaw,law
thaw,paw
thaw,raw
thaw,saw
thee,bee
thee,fee
thee,knee
thee,lee
thee,me
thee,sea
thee,she
thee,we
thee,ye
their,bear
their,care
their,chir
their,dare
their,hair
their,lair
their,pair
their,rare
their,share
their,tear
their,wear
them,hem
then,den
then,fen
then,hen
then,ken
then,men
then,pen
then,ten
then,when
then,wren
then,zen
there,bare
there,fair
there,mare
there,where
these,bees
these,c
these,cheese
these,d
these,fees
these,g
these,keys
these,knees
these,peas
these,tease
these,v
these,wheeze
these,z
they,bay
they,day
they,hay
they,jay
they,lay
they,may
they,neigh
they,pay
they,say
they,shay
they,way
they,yay
thick,bic
thick,chick
thick,hick
thick,kick
thick,lick
thick,mick
thick,nick
thick,pick
thick,rick
thick,schick
thick,sick
thick,tick
thick,vick
thick,wick
thief,beef
thief,leaf
thief,reef
thief,sheaf
thigh,pie
thigh,sigh
thigh,thy
thigh,vie
thimble,nimble
thin,chin
thin,fin
thin,thing
thin,win
think,kink
think,link
think,mink
think,pink
think,rink
think,sink
think,wink
think,zinc
third,bird
third,curd
third,gird
third,herd
third,nerd
third,word
thirsty,kirsty
thirty,birdie
thirty,dirty
thirty,gertie
this,hiss
this,kiss
this,miss
this,sis
thong,tong
thor,core
thor,door
thor,four
thor,war
thorn,born
thorn,mourn
thorn,shorn
thorn,torn
thorn,worn
those,boughs
those,chose
those,doze
those,foes
those,hose
those,nose
those,pose
those,rose
those,toes
those,woes
though,bow
though,dough
though,foe
though,go
though,hoe
though,joe
though,no
though,row
though,sew
though,show
though,toe
though,woe
though,yo
thread,fred
three,free
thug,pug
thumb,come
thumb,dumb
thumb,gum
thumb,hum
thumb,mum
thumb,numb
thumb,sum
thumb,yum
thumper,bumper
thunder,wonder
thy,buy
thy,die
thy,lie
thy,my
thy,pie
thy,shy
thy,sigh
thy,vie
thy,why
tick,chick
tick,lick
tick,mick
tick,sick
tick,thick
tick,vick
tie,buy
tie,die
tie,guy
tie,high
tie,lie
tie,my
tie,pie
tie,rye
tie,shy
tie,why
tiff,ting
tight,bite
tight,kite
tight,light
tight,might
tight,night
tight,white
tile,vial
till,ting
tin,chin
tin,fin
tin,gin
tin,pin
tin,shin
tin,ting
tin,win
tine,pine
tip,chip
tip,dip
tip,hip
tip,lip
tip,nip
tip,sip
tip,ting
tips,ship
toast,coast
toast,ghost
toast,most
toast,roast
toe,bow
toe,hoe
toe,no
toe,row
toe,show
toe,though
toe,woe
toes,nose
toes,rose
toes,those
toffee,coffee
ton,fun
ton,one
ton,tongue
tone,bone
took,hook
took,look
took,nook
tool,cool
tool,fool
tool,ghoul
tool,rule
top,hop
top,mop
top,shop
tore,door
tore,sore
torn,horn
torn,thorn
tot,dot
tot,knot
tot,yacht
tote,coat
touch,tongue
tough,tongue
tower,shower
tower,sour
town,down
town,gown
toy,boy
tub,cub
tub,hub
tub,sub
tuck,luck
tuck,tongue
tug,jug
tug,lug
tug,rug
tug,tongue
turf,surf
tut,tongue
two,boo
two,chew
two,moo
two,shoe
two,who
two,you
two,zoo
type,wipe
van,ban
van,can
van,dan
van,fan
van,jan
van,man
van,pan
van,ran
van,than
vane,cane
vast,cast
vat,bat
vat,cat
vat,chat
vat,fat
vat,hat
vat,rat
vat,sat
vat,that
vaughn,dawn
vaughn,fawn
vaughn,lawn
vaughn,yawn
veal,deal
veal,heel
veal,kneel
veal,meal
veal,reel
veal,zeal
veer,cheer
veer,deer
veer,fear
veer,gear
veer,hear
veer,jeer
veer,near
veer,shear
veer,year
veil,bale
veil,fail
veil,gale
veil,hail
veil,jail
veil,kale
veil,mail
veil,nail
veil,pail
veil,rail
veil,sail
veil,sale
veil,shale
veil,tail
veil,whale
veil,yale
vein,chain
vein,jane
vein,lane
vein,mane
vein,rain
vein,shane
vein,wane
vent,dent
verse,nurse
verse,purse
verse,worse
vest,best
vest,chest
vest,guest
vest,pest
vest,rest
vest,test
vest,west
vest,zest
vet,bet
vet,debt
vet,get
vet,jet
vet,let
vet,met
vet,net
vet,pet
vet,set
vet,wet
vet,yet
vial,nile
vic,chick
vic,lick
vic,mick
vic,schick
vic,sick
vic,thick
vic,tick
vicks,fix
vicks,six
vie,guy
vie,high
vie,lie
vie,pie
vie,rye
vie,shy
vie,thigh
vie,thy
vie,tie
vie,why
vile,bile
vile,dial
vile,file
vile,mile
vile,rile
vile,tile
vine,dine
vine,fine
vine,line
vine,mine
vine,nine
vine,pine
vine,shine
vine,sign
vine,wine
vote,dote
vote,goat
vote,moat
vote,note
vote,wrote
vow,bow
vow,cow
vow,how
vow,now
vow,pow
vow,sow
vow,wow
wade,jade
wag,bag
wag,gag
wag,rag
wag,sag
wag,tag
wage,cage
wage,page
wait,late
wake,lake
wake,rake
wake,shake
walk,chalk
wall,ball
wall,call
wall,fall
wall,gall
wall,hall
wall,mall
wall,shawl
wall,tall
war,thor
wave,dave
wave,gave
wave,shave
way,hay
way,they
way,yay
wayne,chain
wayne,vein
we,thee
wear,care
wear,their
wed,bed
wed,fed
wed,head
wed,lead
wed,red
wed,said
wed,shed
wed,zed
weed,deed
weed,feed
weed,lead
weed,need
weep,deep
weep,heap
weep,jeep
weep,keep
weep,leap
weep,sheep
weigh,jay
weigh,may
weigh,neigh
well,shell
west,best
west,chest
west,test
west,vest
west,zest
wet,jet
wet,let
wet,vet
wet,yet
whack,back
whack,knack
whack,sack
whack,yak
whack,zach
whale,fail
whale,gail
whale,hail
whale,jail
whale,nail
whale,sale
whale,tail
whale,veil
wham,yam
wheat,heat
wheat,meat
wheat,neat
wheat,seat
wheat,sheet
wheel,deal
wheel,kneel
wheel,meal
wheel,peel
wheel,real
wheeze,keys
wheeze,knees
wheeze,these
wheeze,v
wheeze,z
when,den
when,ken
when,men
when,pen
when,then
when,yen
when,zen
where,there
whiff,wing
while,dial
whim,wing
whine,dine
whine,mine
whine,pine
whine,vine
whip,chip
whip,dip
whip,hip
whip,nip
whip,ship
whip,wing
whip,zip
white,bite
white,fight
white,kite
white,light
white,might
white,night
white,sight
white,tight
whiz,wing
who,chew
who,do
who,goo
who,lou
who,shoe
who,two
who,you
who,zoo
why,buy
why,guy
why,high
why,my
why,pie
why,sigh
why,thy
why,tie
wick,chick
wick,lick
wick,thick
wick,wing
wife,life
wig,dig
wig,fig
wig,gig
wig,jig
wig,pig
wig,rig
wig,wing
will,gill
will,mill
will,wing
win,chin
win,fin
win,kin
win,pin
win,shin
win,thin
win,tin
win,wing
wind,kind
wine,shine
wing,ring
wink,link
wink,rink
wink,think
wink,zinc
wipe,pipe
wipe,type
wish,wing
wit,wing
wit,zit
witch,wing
with,wing
woe,bow
woe,foe
woe,go
woe,mow
woe,no
woe,sew
woe,though
woe,toe
woes,hose
woes,those
wok,hock
wok,rock
wonder,thunder
wool,pull
word,third
worm,germ
worn,thorn
worse,purse
worst,burst
worst,first
wow,vow
wrap,zap
wreck,neck
wreck,peck
wren,ten
wren,then
wrench,bench
wrestle,nestle
wrote,vote
yacht,cot
yacht,dot
yacht,got
yacht,hot
yacht,jot
yacht,lot
yacht,not
yacht,pot
yacht,rot
yacht,tot
yak,back
yak,hack
yak,jack
yak,knack
yak,mac
yak,pack
yak,rack
yak,sack
yak,shack
yak,tack
yak,whack
yak,zach
yale,veil
yam,dam
yam,ham
yam,jam
yam,lamb
yam,pam
yam,ram
yam,sam
yam,wham
yank,hank
yank,lank
yank,rank
yank,shank
yank,tank
yanks,thanks
yap,lap
yap,map
yap,nap
yap,rap
yap,sap
yap,zap
yard,hard
yard,lard
yawn,dawn
yawn,fawn
yawn,lawn
yawn,pawn
yawn,vaughn
yay,bay
yay,day
yay,faye
yay,hay
yay,jay
yay,kay
yay,lay
yay,may
yay,neigh
yay,pay
yay,ray
yay,say
yay,they
yay,way
ye,thee
year,cheer
year,gear
year,hear
year,veer
yell,cell
yell,fell
yell,gel
yell,nell
yell,shell
yell,tell
yellow,cello
yellow,hello
yellow,mellow
yen,ben
yen,den
yen,fen
yen,hen
yen,ken
yen,pen
yen,ten
yen,when
yen,zen
yes,bess
yes,chess
yes,guess
yes,less
yes,mess
yes,tess
yet,bet
yet,debt
yet,get
yet,jet
yet,let
yet,met
yet,net
yet,pet
yet,set
yet,vet
yet,wet
yeti,jetty
yo,though
yolk,coke
yolk,folk
yolk,joke
yolk,soak
you,boo
you,do
you,pooh
you,shoe
you,sue
you,two
you,who
yum,dumb
yum,gum
yum,sum
yum,thumb
zach,back
zach,rack
zach,shack
zack,hack
zack,jack
zack,knack
zack,lack
zack,mack
zack,yak
zane,chain
zap,cap
zap,chap
zap,gap
zap,map
zap,nap
zap,sap
zap,tap
zap,wrap
zap,yap
zeal,veal
zed,dead
zed,fed
zed,head
zed,lead
zed,ned
zed,red
zen,den
zen,hen
zen,jen
zen,men
zen,pen
zen,ten
zen,then
zen,when
zen,wren
zen,yen
zest,chest
zest,guest
zest,nest
zest,rest
zest,test
zest,vest
zest,west
zinc,mink
zinc,rink
zinc,sink
zinc,think
zinc,wink
zing,king
zing,ring
zip,dip
zip,hip
zip,lip
zip,nip
zip,rip
zip,ship
zip,sip
zip,whip
zit,fit
zit,hit
zit,kit
zit,knit
zit,lit
zit,mitt
zit,wit
zit,writ
zone,bone
zone,cone
zone,hone
zone,joan
zone,lone
zone,moan
zone,phone
zoo,boo
zoo,chew
zoo,coo
zoo,do
zoo,goo
zoo,lou
zoo,moo
zoo,pooh
zoo,shoe
zoo,two
zoo,who
zoom,boom
zoom,room
zoos,choose